{
  "categories": [
    {
      "name": "Bags",
      "icon": "/images/bags.png"
    },
    {
      "name": "Shoes",
      "icon": "/images/mens-shoes.png"
    },
    {
      "name": "Jewelry",
      "icon": "/images/jewelry.png"
    },
    {
      "name": "Makeup",
      "icon": "/images/makeup.png"
    },
    {
      "name": "Men's Clothing",
      "icon": "/images/mens-clothing.png"
    },
    {
      "name": "Girls Clothing",
      "icon": "/images/ladies-clothing.png"
    }
  ]
}